Entry	rsid
P10072	rs3745764
Q8N7M2	rs2195980
Q8N7M2	rs957569
Q8N7M2	rs2356437
Q8N7M2	rs1061769
Q8N7M2	rs2883946
Q9HCG1	rs8105668
P0CJ79	rs2870128
P0CJ79	rs6509702
P0CJ79	rs7255668
P28702	rs6531
A2RRD8	rs28462670
Q9NV72	rs162832
Q9NV72	rs366793
Q9NV72	rs373554
O43361	rs7246856
Q9UJW8	rs2253563
Q9UJW8	rs2571108
Q5VIY5	rs10419826
Q08ER8	rs8100491
Q08ER8	rs1968090
P17035	rs8107444
P17035	rs10417163
Q5JPB2	rs55786258
Q08ER8	rs6510057
B2RXF5	rs4983387
Q5FWF6	rs6962772
Q2VY69	rs8113249
Q6PDB4	rs75346003
Q6PDB4	rs76053634
Q9ULM2	rs3745651
O15015	rs35713203
P22670	rs2305780
Q5CZA5	rs2014572
Q5CZA5	rs3746231
Q5CZA5	rs10421632
A6NFI3	rs2253869
Q9UK11	rs3826941
Q9UK11	rs6509138
Q9UK11	rs4433920
Q96SR6	rs3108171
Q15935	rs4807371
Q7Z7L9	rs2044502
B4DX44	rs11976837
Q96MU6	rs4785626
Q96MU6	rs28415940
Q96MU6	rs9921361
Q96MU6	rs60437616
Q12772	rs2228314
Q7Z398	rs1548476
Q7Z398	rs10410631
P08047	rs3741651
Q8N907	rs3741651
Q9C0F3	rs2849028
Q96SE7	rs2195310
P43699	rs556386
Q15361	rs556386
P17019	rs547516
Q13342	rs62192163
Q6P9A1	rs2360543
A6NK53	rs1233428
Q9NZL3	rs1233428
Q8N9Z0	rs2241586
P17019	rs504280
P17019	rs1781873
O14978	rs220379
Q9NZI7	rs3736563
Q6ZNH5	rs12609654
Q6P3V2	rs4805206
P52742	rs1469087
Q8N9Z0	rs321937
Q6P280	rs2912444
Q96NJ3	rs12610859
Q14653	rs7251
Q6DD87	rs4077285
P51522	rs113015820
Q14592	rs2041109
P52746	rs3770213
Q9NR83	rs8957
Q8N8Z8	rs799193
Q96C28	rs6987308
P17032	rs117193245
Q9C0G0	rs12327359
P51522	rs1056185
B7Z6K7	rs201682072
P17028	rs2032729
Q9GZX5	rs4988334
Q9UKD1	rs311489
Q8TF47	rs1177648
P52746	rs3770214
P52746	rs2230115
P17017	rs760161139
Q96MX3	rs12921440
A8MQ14	rs1673082
P18848	rs4894
P18850	rs1058405
P17027	rs2070832
Q6ECI4	rs4801177
Q8NEM1	rs10243954
Q9UH92	rs665268
Q8TAU3	rs10416584
O43296	rs2074858
O43296	rs917340
Q9H8N7	rs75444725
Q6IV72	rs1137432
P17039	rs1811
Q15937	rs13292096
Q15937	rs4504745
Q5SXM1	rs149318610
Q8TAU3	rs3826671
Q52M93	rs45626541
Q3ZCX4	rs547483
Q3ZCX4	rs1644634
P04637	rs1042522
Q8IZC7	rs59327775
Q5VVJ2	rs12139511
O75132	rs910799
