Entry	refsnp_id
Q8N9Z0	rs2241586
Q8N9Z0	rs321937
Q14593	rs2017252
A6NFI3	rs2253869
A6NFI3	rs1474419
A6NFI3	rs2464876
Q96N58	rs1287602894
Q96LW9	rs853684
Q13106	rs2188736
Q96N38	rs2884554
Q96MU6	rs28417933
Q96MU6	rs7201172
Q96MU6	rs4785626
Q96MU6	rs373485667
Q96MU6	rs74033443
Q96MU6	rs28415940
Q96MU6	rs9921361
Q96MU6	rs60437616
Q7Z7L9	rs2044502
Q96MU6	rs117690401
Q96MU6	rs118093429
O43451	rs2178004
Q8IWI9	rs2178004
O43451	rs17677811
Q8IWI9	rs17677811
O43451	rs1918314
Q8IWI9	rs1918314
O43451	rs2695163
Q8IWI9	rs2695163
Q14653	rs7251
Q9NV72	rs162832
Q9NV72	rs366793
Q9NV72	rs373554
Q9NV72	rs3745102
Q6PK81	rs386811330
Q6PK81	rs61731281
Q6PK81	rs55823456
Q96C28	rs6987308
Q02086	rs2228253
Q9UJW8	rs2020083
Q9UJW8	rs1897820
Q9UJW8	rs2253563
Q9UJW8	rs2571108
O14978	rs220379
Q9UDV7	rs10255054
Q03164	rs7107305
Q03164	rs2071702
Q8TB69	rs61609068
Q8TB69	rs759250910
Q8TB69	rs1293941808
Q8TB69	rs8094412
Q8TB69	rs749083016
O95780	rs17679334
O95780	rs7255165
Q8N823	rs34846371
Q8N823	rs4085566
Q8N823	rs4085565
Q9BZE0	rs1253451252
Q8NEA6	rs6415788
Q14592	rs2041109
Q8N0Y2	rs61736532
Q5VIY5	rs10419826
Q5VIY5	rs61729939
P17032	rs117193245
O43361	rs7246856
Q4G112	rs3803752
P52742	rs1469087
Q6IQ21	rs4923849
Q9UK11	rs3826941
Q9UK11	rs6509138
Q9UK11	rs4433920
E7ETH6	rs12981244
Q8NEK5	rs17856896
Q8NEA6	rs1398432795
A2RRD8	rs28462670
Q8IZC7	rs59327775
Q8IYN0	rs7246400
P52746	rs200757676
P52746	rs3770213
P52746	rs3770214
P52746	rs2230115
P17035	rs10417163
P17035	rs13382164
Q9H5H4	rs10871453
Q9BU19	rs13313088
Q52M93	rs45626541
Q8TD23	rs11671053
Q6ZMW2	rs34763627
Q9BQA5	rs100803
P51522	rs113015820
Q6DD87	rs4077285
Q5VIY5	rs10420793
Q5VIY5	rs58239286
A6NHJ4	rs1485898206
A6NHJ4	rs1808125
B7Z6K7	rs61735225
B7Z6K7	rs547841366
B7Z6K7	rs545083939
B7Z6K7	rs10412929
Q86TJ5	rs867168
Q86TJ5	rs867169
Q14588	rs182005583
Q8N8Z8	rs799193
Q5JPB2	rs183636700
Q5JPB2	rs56057707
Q5JPB2	rs55786258
Q5JPB2	rs259956
Q8WXB4	rs11673029
O95863	rs4647959
O95863	rs4647958
Q96BV0	rs13225910
Q08ER8	rs6510057
Q08ER8	rs35238720
Q08ER8	rs10410649
O75626	rs2185379
Q8TF47	rs1177648
Q9Y2Q1	rs749176748
Q9Y2Q1	rs758809860
Q9C0F3	rs2849028
Q96JL9	rs3764626
Q969W8	rs2967532
Q96SE7	rs2195310
P17035	rs8107444
Q86YE8	rs776903031
Q9UJW7	rs55700709
Q9UJW7	rs1434579
O95947	rs56098093
Q8WV37	rs13343641
Q7Z398	rs1548476
Q7Z398	rs10410631
P08047	rs3741651
Q8N907	rs3741651
Q12772	rs2228314
O14901	rs35927125
Q68EA5	rs117724451
Q68EA5	rs2288958
Q8TF20	rs61793704
P51522	rs796275680
P51522	rs78207921
P51522	rs75857698
P51522	rs1056185
Q8TF20	rs72501950
Q2VY69	rs3826941
Q2VY69	rs6509138
Q2VY69	rs4433920
Q2VY69	rs8113249
P22670	rs2305780
Q5CZA5	rs2014572
Q5CZA5	rs3746231
Q5CZA5	rs10421632
B4DX44	rs11976837
Q8NCK3	rs12354886
P52738	rs710945
Q03938	rs1555706096
Q03938	rs374696166
P13682	rs2272044
P0CJ79	rs2870128
P0CJ79	rs6509702
P0CJ79	rs7255668
Q6PDB4	rs14048
Q6PDB4	rs75346003
Q6PDB4	rs76053634
P0CJ79	rs370907854
Q08ER8	rs8100491
Q08ER8	rs1968090
Q6PDB4	rs8104808
Q6PDB4	rs8104812
Q6PDB4	rs55748277
Q9Y6Q3	rs2282076
P17028	rs2032729
Q6XYB7	rs145067241
Q6P280	rs2912444
Q0VGE8	rs8110062
Q0VGE8	rs12459008
P04198	rs750750877
Q96PQ6	rs9305035
O95231	rs2240892
Q06416	rs542388560
Q96SQ7	rs749669556
B2RXF5	rs34284721
B2RXF5	rs4983387
Q6P3V2	rs4805206
Q3KP31	rs117380840
Q9HCG1	rs78382850
B4DU55	rs17078988
B4DU55	rs17078991
A8MQ14	rs768445115
A8MQ14	rs750617001
A8MQ14	rs1673082
O15015	rs749671
O15015	rs749670
O15015	rs35713203
O15015	rs7196726
Q15935	rs4807371
Q86V71	rs35782355
O75123	rs150073213
Q86YE8	rs3752365
P28702	rs6531
Q6ZR52	rs4621113
Q86V71	rs2562473
Q9NR83	rs8957
P52740	rs147275148
P52740	rs1465789
Q8N8Y5	rs1056148
Q6ZN06	rs2617667
Q6ZN06	rs35712939
Q6ZN06	rs3859494
Q6ZN06	rs10422163
Q08AN1	rs35582075
Q5FWF6	rs6962772
P17027	rs72795864
P17027	rs2070832
Q6IV72	rs1137432
Q96NJ3	rs1836280
Q96NJ3	rs12610859
Q96BR6	rs17856483
Q9Y5A6	rs11558476
Q8N7M2	rs2195980
Q8N7M2	rs957569
Q8N7M2	rs386809609
Q8N7M2	rs2356437
Q8N7M2	rs1061769
Q8N7M2	rs200500734
Q8N7M2	rs386809610
Q6ZNH5	rs12609654
Q14588	rs2293587
O94983	rs16942615
A6NK53	rs766444460
Q9NZL3	rs766444460
A6NK53	rs1233428
Q9NZL3	rs1233428
A6NK53	rs2884015
Q9NZL3	rs2884015
O75132	rs910799
Q9UJL9	rs2272994
Q9UJL9	rs142239725
B2RXF5	rs200434987
Q15935	rs12609268
Q15935	rs12610412
Q9H8N7	rs75444725
Q9NZL3	rs2068061
Q9NZL3	rs4239529
Q9NZL3	rs7508149
Q9NZL3	rs4508518
Q9NZL3	rs3746319
Q03923	rs146063134
O75820	rs17772514
Q16534	rs1485495525
Q16534	rs1040249035
P49716	rs765048834
Q5VVJ2	rs232777
Q5VVJ2	rs12139511
Q5VVJ2	rs17118103
Q6P9A1	rs2360543
P0CG23	rs2243563
P0CG23	rs1806552
P0CG23	rs940873
P0CG23	rs11971880
B7Z6K7	rs201682072
Q9NUA8	rs6659222
Q9NUA8	rs45502998
P10072	rs3745764
Q15723	rs1397088980
A6NHJ4	rs4955216
Q8TAW3	rs3746207
O75437	rs61737180
P84022	rs35874463
Q96MX3	rs61978578
Q96GC6	rs7256349
Q13342	rs62192163
Q5T5D7	rs41268079
Q13342	rs3820975
Q13342	rs4972945
Q13342	rs4973308
Q3MIS6	rs146381631
Q14209	rs2075995
E7ETH6	rs35313547
Q86UP8	rs707394
Q86UP8	rs707395
Q86UP8	rs2529320
Q9C0G0	rs7227263
Q9C0G0	rs948615
Q9C0G0	rs12327359
P41162	rs2231856
P17017	rs12973901
P17097	rs1735169
Q9NR11	rs2290652
Q9NR11	rs11543232
Q9NR11	rs117665320
Q96N58	rs558534117
Q96N58	rs201289789
P21675	rs28382158
Q9NZI7	rs3736563
Q96GE5	rs12974755
Q5HYK9	rs3760849
Q8IVC4	rs7257872
Q9ULM2	rs3745651
Q9GZX5	rs2278415
Q9GZX5	rs4988334
Q9GZX5	rs2278420
Q8TF47	rs61746929
Q92731	rs1441404806
P03372	rs1243016506
P03372	rs1356474609
Q96IR2	rs55874600
Q8NB42	rs2385182
P17542	rs767980860
P17019	rs1781873
P17019	rs547516
Q6ZSB9	rs2920217
Q6ZSB9	rs34293093
P17019	rs504280
P43699	rs3739915
Q15361	rs3739915
P43699	rs556386
Q15361	rs556386
P43699	rs8999
Q15361	rs8999
Q8NHY6	rs34136271
Q9HCX3	rs34411126
P17017	rs760161139
Q08050	rs2215292
Q08050	rs28990715
Q96N20	rs17611866
Q9HCG1	rs8105668
Q96SQ5	rs201869821
Q96SQ5	rs77577775
Q15937	rs13292096
Q15937	rs4504745
Q15937	rs151218737
Q13950	rs749974335
Q9UPW0	rs343376
Q96SR6	rs3108171
Q5SXM1	rs61740826
Q8NEM1	rs10243954
Q9P243	rs142331855
Q9P243	rs12541381
P08235	rs5525
P08235	rs5522
Q8IVP9	rs141614487
P51460	rs34141181
Q13129	rs34141181
P51460	rs10889205
Q13129	rs10889205
Q8TF39	rs748174222
P17036	rs11550034
Q96K58	rs8046978
Q9H4Z2	rs6032606
O95365	rs3745985
Q9H4Z2	rs16990964
Q8IZ20	rs11247933
Q8IZ20	rs10794531
Q8IZ20	rs10794532
Q86V15	rs771135657
Q8IX15	rs1055061
O14948	rs140366806
Q9HBZ2	rs4072568
Q68DE3	rs75025102
O43451	rs17677991
Q8IWI9	rs17677991
Q9UH92	rs665268
P10075	rs1056148
Q9NRE2	rs739869
P39880	rs803064
Q13948	rs803064
P39880	rs2230103
Q13948	rs2230103
P17098	rs260471
Q8TAU3	rs145569539
P0CF97	rs2302469
P0CF97	rs11729955
P0CF97	rs4235380
P0CF97	rs1285496166
P17039	rs386808878
P17039	rs1811
P17039	rs1345658
P17039	rs765746
O15209	rs3130100
Q8TAU3	rs10416584
Q8TAU3	rs3745133
Q8TAU3	rs3826671
Q8IWY8	rs35278805
Q8IWY8	rs3917221
Q8IWY8	rs3809482
Q9NQV6	rs2241571
Q9NQV6	rs2277033
Q9UJW8	rs116970833
Q9BQA5	rs562905964
Q6ZMW2	rs75989782
Q6ZMW2	rs4645656
Q6ZMW2	rs7870376
Q9BQA5	rs512703
B7Z6K7	rs544337361
Q7Z7K2	rs6965332
Q8TB69	rs61730995
Q5VIY5	rs75548544
Q5VIY5	rs12462929
Q5VIY5	rs61747364
Q5VIY5	rs61729942
Q5VIY5	rs61732713
A6NHJ4	rs13064905
A6NHJ4	rs13087612
A6NHJ4	rs13065048
B7Z6K7	rs1384167103
B7Z6K7	rs1002681164
Q9NUA8	rs209729
P50549	rs9639168
Q15776	rs62401435
Q9UL58	rs1338891365
Q9UL58	rs1233105746
Q8IZC7	rs4808209
Q9UL58	rs11041108
Q8N7M2	rs1061768
P10072	rs3745765
Q9UDV7	rs11547158
Q6PDB4	rs324125
P10071	rs35364414
P10071	rs761143091
P10071	rs770587326
P10071	rs1048260302
P0CJ79	rs55809029
O60548	rs112187678
Q96LW9	rs853678
Q96LW9	rs753760721
Q86V71	rs143458227
